Nume,Functie,Dieta,Personaj
Tim Burton,director ,Vegetarian,None
James Marshall,director,Apt pentru orice,None
Gandja Monteiro,director ,Apt pentru orice,None
Charles Addams,based on characters created by ,Vegetarian,None
Alfred Gough,writer ,Flexitarian,None
Miles Millar,writer  ,Flexitarian,None
Kayla Alpert,writer ,Apt pentru orice,None
April Blair,writer  ,Flexitarian,None
Matt Lambert,writer  ,Flexitarian,None
Jenna Ortega,actor/actress: Wednesday Addams ,Flexitarian,Om
Gwendoline Christie,actor/actress: Principal Larissa Weems ,Vegetarian,Sirena
Riki Lindhome,actor/actress: Dr. Valerie Kinbott ,Flexitarian,Vampir
Emma Myers,actor/actress: Enid Sinclair (8 episodes 2022),Flexitarian,Om
Joy Sunday,actor/actress: Bianca Barclay (8 episodes 2022),Vegetarian,Sirena
Naomi J. Ogawa,actor/actress: Yoko Tanaka (8 episodes 2022),Vegetarian,Vampir
Christina Ricci,actor/actress: Marilyn Thornhill (8 episodes 2022),Vegetarian,Clarvazator
Jamie McShane,actor/actress: Sheriff Donovan Galpin (8 episodes 2022),Flexitarian,Clarvazator
Hunter Doohan,actor/actress: Tyler Galpin (8 episodes 2022),Vegetarian,Varcolac
Percy Hynes White,actor/actress: Xavier Thorpe (8 episodes 2022),Vegetarian,Om
Georgie Farmer,actor/actress: Ajax Petropolus (8 episodes 2022),Vegetarian,Sirena
Johnna Dias-Watson,actor/actress: Divina (8 episodes 2022),Apt pentru orice,Om
Oliver Watson,actor/actress: Kent (8 episodes 2022),Vegetarian,Vampir
Victor Dorobantu,actor/actress: Thing (8 episodes 2022),Apt pentru orice,Varcolac
Moosa Mostafa,actor/actress: Eugene Ottinger (8 episodes 2022),Flexitarian,Vampir
Daniel Himschoot,actor/actress: Hyde Monster (8 episodes 2022),Flexitarian,Sirena
Luyanda Unati Lewis-Nyawo,actor/actress: Deputy Ritchie Santiago (8 episodes 2022),Flexitarian,Om
Iman Marson,actor/actress: Lucas (8 episodes 2022),Apt pentru orice,Varcolac
Calum Ross,actor/actress: Rowan Laslow (8 episodes 2022),Flexitarian,Varcolac
Cezar Grumazescu,actor/actress: Coach Vlad (8 episodes 2022),Flexitarian,Clarvazator
Tommie Earl Jenkins,actor/actress: Mayor Noble Walker (8 episodes 2022),Flexitarian,Vampir
Catherine Zeta-Jones,actor/actress: Morticia Addams (8 episodes 2022),Apt pentru orice,Clarvazator
Morgan Beale,actor/actress: Jonah (8 episodes 2022),Apt pentru orice,Clarvazator
George Burcea,actor/actress: Lurch (8 episodes 2022),Flexitarian,Vampir
Islam Bouakkaz,actor/actress: Carter (8 episodes 2022),Flexitarian,Varcolac
William Houston,actor/actress: Joseph Crackstone (8 episodes 2022),Vegetarian,Clarvazator
Karina Varadi,actor/actress: Wednesday (6yo)  (8 episodes 2022),Apt pentru orice,Sirena
Rina Mahoney,actor/actress: Janet Ottinger (8 episodes 2022),Vegetarian,Om
Georgia Goodman,actor/actress: Sue Ottinger (8 episodes 2022),Apt pentru orice,Sirena
Murray McArthur,actor/actress: Fabian (8 episodes 2022),Vegetarian,Varcolac
Fred Armisen,actor/actress: Uncle Fester (8 episodes 2022),Apt pentru orice,Vampir
Luis Guzm�n,actor/actress: Gomez Addams (8 episodes 2022),Vegetarian,Varcolac
Olimpia Malai,actor/actress: The Minister (8 episodes 2022),Flexitarian,Om
Isaac Ordonez,actor/actress: Pugsley Addams (8 episodes 2022),Apt pentru orice,Om
Nitin Ganatra,actor/actress: Dr. Anwar (8 episodes 2022),Apt pentru orice,Om
Lucius Hoyos,actor/actress: Young Gomez (8 episodes 2022),Apt pentru orice,Vampir
Cheherezade Valentine Okotaka Ebale,actor/actress: Lou-Anne Walker (8 episodes 2022),Flexitarian,Om
Oliver Wickham,actor/actress: Young Larissa Weems (8 episodes 2022),Vegetarian,Clarvazator
Edward Kennedy,actor/actress: MC Blood Suckaz (8 episodes 2022),Vegetarian,Sirena
Ismail Kesu,actor/actress: Young Sheriff Walker (8 episodes 2022),Flexitarian,Clarvazator
Caroline Lawrie,actor/actress: Martha (8 episodes 2022),Vegetarian,Vampir
Lachele Carl,actor/actress: Agnes (8 episodes 2022),Apt pentru orice,Varcolac
Gwen Jones,actor/actress: Young Morticia Addams (8 episodes 2022),Flexitarian,Vampir
Lisa O'Hare,actor/actress: Arlene (8 episodes 2022),Flexitarian,Om
Sophia Nomvete,actor/actress: Connie Jorgensen (8 episodes 2022),Flexitarian,Om
Ichir� Y�ki,actor/actress: Kenichi Tanaka (8 episodes 2022),Apt pentru orice,Om
Amanda Drew,actor/actress: Esther Sinclair (8 episodes 2022),Apt pentru orice,Om
Ryan Ellsworth,actor/actress: Murray Sinclair (8 episodes 2022),Vegetarian,Vampir
Gloria Garcia,actor/actress: Goody's Mom (8 episodes 2022),Flexitarian,Sirena
Gracy Goldman,actor/actress: Gabrielle (8 episodes 2022),Apt pentru orice,Sirena
Lewis Hayes,actor/actress: Garett Gates (8 episodes 2022),Vegetarian,Vampir
Philip Rosch,actor/actress: Ansel Gates (8 episodes 2022),Flexitarian,Clarvazator
Michael Okele,actor/actress: Morga(uncredited) (8 episodes 2022),Flexitarian,Vampir
Chloe Cate,actor/actress: Studen(uncredited) (8 episodes 2022),Apt pentru orice,Vampir
Kayla Alpert,executive producer (8 episodes 2022),Flexitarian,None
Gail Berman,executive producer (8 episodes 2022),Vegetarian,None
Tim Burton,executive producer (8 episodes 2022),Flexitarian,None
Jonathan Glickman,executive producer (8 episodes 2022),Vegetarian,None
Carla Gonz�lez Vargas,co-executive producer (8 episodes 2022),Flexitarian,None
Alfred Gough,executive producer (8 episodes 2022),Apt pentru orice,None
Tommy Harper,executive producer (8 episodes 2022),Vegetarian,None
Nick Iannelli,co-producer (8 episodes 2022),Vegetarian,None
Kevin Lafferty,executive producer (8 episodes 2022),Vegetarian,None
Miles Millar,executive producer (8 episodes 2022),Flexitarian,None
David Minkowski,co-executive producer (8 episodes 2022),Flexitarian,None
Kevin Miserocchi,executive producer (8 episodes 2022),Apt pentru orice,None
Andrew Mittman,executive producer (8 episodes 2022),Vegetarian,None
Carmen Pepelea,producer (8 episodes 2022),Apt pentru orice,None
Steve Stark,executive producer (8 episodes 2022),Apt pentru orice,None
Natalie Testa,associate producer (8 episodes 2022),Flexitarian,None
Todd Williams,co-executive producer (8 episodes 2022),Apt pentru orice,None
Chris Bacon,music (7 episodes 2022),Flexitarian,None
Danny Elfman,music (4 episodes 2022),Flexitarian,None
Stephan Pehrsson,cinematography (4 episodes 2022),Vegetarian,None
David Lanzenberg,cinematography (4 episodes 2022),Flexitarian,None
Ana Yavari,film editing (4 episodes 2022),Flexitarian,None
Jay Prychidny,film editing (4 episodes 2022),Flexitarian,None
Paul G. Day,film editing (1 episode 2022),Vegetarian,None
Florina Fernandes,casting (8 episodes 2022),Flexitarian,None
Sophie Holland,casting (8 episodes 2022),Flexitarian,None
John Papsidera,casting (8 episodes 2022),Apt pentru orice,None
Mark Scruton,production design (8 episodes 2022),Flexitarian,None
Adrian Curelea,supervising art director (8 episodes 2022),Flexitarian,None
Ghinea Diana,art direction (8 episodes 2022),Vegetarian,None
Silvia Nancu,art direction (8 episodes 2022),Vegetarian,None
Andrei-Florian Popa,assistant art director / additional standby art director (8 episodes 2022),Flexitarian,None
Serban Porupca,senior art director (8 episodes 2022),Vegetarian,None
Vlad Roseanu,on-set art director / art director (8 episodes 2022),Flexitarian,None
Roxana Alexandru,art direction (3 episodes 2022),Flexitarian,None
Carmen Ratoi,art direction (3 episodes 2022),Flexitarian,None
Laurentiu Zarnoianu,set direction (8 episodes 2022),Vegetarian,None
David Morison,set direction (4 episodes 2022),Vegetarian,None
Rob Hepburn,set direction (4 episodes 2022),Flexitarian,None
Colleen Atwood,costume design (8 episodes 2022),Flexitarian,None
Bianca Boeroiu,makeup artist (8 episodes 2022),Vegetarian,None
Catalin Ciutu,hair stylist supervisor: crowd (8 episodes 2022),Apt pentru orice,None
Natalie L Costello,special makeup effects artist (8 episodes 2022),Flexitarian,None
Julian Hutcheson,special makeup effects artist (8 episodes 2022),Vegetarian,None
Nirvana Jalalvand,hair & makeup artist: main team (8 episodes 2022),Flexitarian,None
Grace McComisky,prosthetic artist / prosthetic makeup artist (8 episodes 2022),Vegetarian,None
Tara McDonald,hair & makeup designer (8 episodes 2022),Flexitarian,None
Dominic Mombrun,dental effects designer & fabricator (8 episodes 2022),Vegetarian,None
Angela Ruiz Morales,prosthetics artist (8 episodes 2022),Vegetarian,None
Paraschiv Oana,makeup artist (8 episodes 2022),Flexitarian,None
Alexandru Sassu,assistant makeup artist (8 episodes 2022),Vegetarian,None
Bas Schwarz,special effects makeup artist: mouldmaker & props (8 episodes 2022),Apt pentru orice,None
Rub�n Serra,special makeup effects artist (8 episodes 2022),Vegetarian,None
Margo Stefan,hair stylist (8 episodes 2022),Flexitarian,None
Viktoria Stieber,prosthetic makeup artist (8 episodes 2022),Vegetarian,None
Sinead Sweeney,SFX contact lens coordinator (8 episodes 2022),Apt pentru orice,None
Iuliana Temelie,hair stylist (8 episodes 2022),Flexitarian,None
Clara Tudose,hair & makeup artist (8 episodes 2022),Vegetarian,None
Raquel �lvarez,prosthetic makeup sculptor (8 episodes 2022),Vegetarian,None
Freda Ellis,makeup supervisor (6 episodes 2022),Apt pentru orice,None
Ripley Dale-Gulston,junior hair & makeup artist (6 episodes 2022),Vegetarian,None
Olimpia Stoicea,hair & makeup artist: main team (6 episodes 2022),Apt pentru orice,None
Tia Costell,junior hair & makeup artist (4 episodes 2022),Vegetarian,None
Susan Cole,personal hair stylist: Luis Guzman (4 episodes 2022),Flexitarian,None
Jean Carlos de Blas,key hair & makeup artist (4 episodes 2022),Vegetarian,None
Gabriella Havens,makeup artist (3 episodes 2022),Flexitarian,None
Sheherezada Kouchaki,makeup artist (4 episodes 2022),Apt pentru orice,None
Raluca Moldoveanu,makeup artist (4 episodes 2022),Flexitarian,None
Andrea Dardea Tesdall,special makeup effects artist (3 episodes 2022),Vegetarian,None
Nicoleta Toader,hair stylist: cast (4 episodes 2022),Apt pentru orice,None
Natalie Fox,additional hair & makeup artist (2 episodes 2022),Apt pentru orice,None
Niki De Jong,prosthetic makeup artist (1 episode 2022),Apt pentru orice,None
Ionel Popa,special makeup effects artist (1 episode 2022),Vegetarian,None
Athina Sapanidis,prosthethic makeup artist (1 episode 2022),Vegetarian,None
Razvan Badea,unit production manager / production manager (8 episodes 2022),Apt pentru orice,None
Irene Iovan Calangiu,health & safety unit production manager: covid (8 episodes 2022),Vegetarian,None
Alexandru Cseh,production manager: second unit (8 episodes 2022),Apt pentru orice,None
Emma Mallett,unit production manager: additional photography (1 episode 2022),Flexitarian,None
Alexandru Acsinte,assistant director (8 episodes 2022),Apt pentru orice,None
Emilie Balusson,second second assistant director / co-second assistant director (8 episodes 2022),Vegetarian,None
Bianca Bumbacea,assistant director (8 episodes 2022),Vegetarian,None
Simona Dinu,second assistant director (8 episodes 2022),Flexitarian,None
Mariana Grama,crowd second assistant director (8 episodes 2022),Vegetarian,None
Mircea Hategan,first assistant director (8 episodes 2022),Flexitarian,None
Stefania Ispas,trainee assistant director (8 episodes 2022),Flexitarian,None
Loyzo,third assistant director (8 episodes 2022),Vegetarian,None
Raphael Tudor,third assistant director (8 episodes 2022),Apt pentru orice,None
Costin Sforaru,assistant director (7 episodes 2022),Flexitarian,None
Sabina Balan,crowd first assistant director (6 episodes 2022),Flexitarian,None
Brett Chan,second unit director (6 episodes 2022),Vegetarian,None
Ada Dumitru,cast assistant (6 episodes 2022),Vegetarian,None
Emyr Glyn Rees,second assistant director / first assistant director (6 episodes 2022),Flexitarian,None
Jessica Kirec,second assistant director (4 episodes 2022),Vegetarian,None
George Walker,first assistant director (4 episodes 2022),Vegetarian,None
Richard O'Brien-Moran,first assistant director (2 episodes 2022),Vegetarian,None
Mihaela Ionita,second assistant director (2 episodes 2022),Vegetarian,None
Alexandra Popa,crowd second assistant director (1 episode 2022),Flexitarian,None
Alexandru Trandafira,crowd assistant director (2 episodes 2022),Vegetarian,None
Sucioaia Alexandra,set dressing painter (8 episodes 2022),Vegetarian,None
Tache Alexandru,graphic designer (8 episodes 2022),Apt pentru orice,None
Corneliu Mihai Bonciu,sculptor (8 episodes 2022),Apt pentru orice,None
Rachel Garlick,storyboard artist (8 episodes 2022),Flexitarian,None
Florin Gavrila,lead set dressing painter (8 episodes 2022),Apt pentru orice,None
Adi Handac,property master (8 episodes 2022),Vegetarian,None
Dana Ilie,art department manager (8 episodes 2022),Apt pentru orice,None
Alexandru Titus Ipate,action vehicles supervisor (8 episodes 2022),Flexitarian,None
Simona Maican,art department coordinator (8 episodes 2022),Flexitarian,None
Cristian Mihaila,assistant set decorator / set decoration buyer (8 episodes 2022),Vegetarian,None
Cosmin Miroiu,head of greenery (8 episodes 2022),Flexitarian,None
Amalia Mititelu,set dressing painter (8 episodes 2022),Vegetarian,None
Pietro Nume,concept artist (8 episodes 2022),Flexitarian,None
Iulia Petrescu,assistant set decorator (8 episodes 2022),Flexitarian,None
Madalina Ripanu,clearance coordinator (8 episodes 2022),Apt pentru orice,None
Geaniloni Sandru,lead painter (8 episodes 2022),Vegetarian,None
Eusebiu Sirbu,head graphic designer (8 episodes 2022),Vegetarian,None
Cristina Stefan,graphic designer (8 episodes 2022),Vegetarian,None
Alexandra Tudor,assistant art director (8 episodes 2022),Vegetarian,None
Laurentiu Zarnoianu,leadman (8 episodes 2022),Flexitarian,None
Liviu Antonescu,graphic designer (6 episodes 2022),Flexitarian,None
Madalina Ciosu,set designer (6 episodes 2022),Apt pentru orice,None
Tudor Iordachescu,set designer (6 episodes 2022),Apt pentru orice,None
Anca Iscru,set designer (6 episodes 2022),Vegetarian,None
Ana Neag,assistant art director (6 episodes 2022),Flexitarian,None
Iulia Pasarica,assistant art director (6 episodes 2022),Vegetarian,None
Andreea Siminea,set designer (6 episodes 2022),Vegetarian,None
Amy Lockwood,assistant set decorator (4 episodes 2022),Flexitarian,None
Andrew Cherry,storyboard artist (3 episodes 2022),Apt pentru orice,None
Cristian Darstar,storyboard artist (3 episodes 2022),Flexitarian,None
Adrian Curelea,supervising art director (2 episodes 2022),Flexitarian,None
Serban Porupca,senior art director (2 episodes 2022),Vegetarian,None
Radu Costache,assistant property master (1 episode 2022),Vegetarian,None
Jennifer Keen,first set decoration buyer (1 episode 2022),Flexitarian,None
Karen Krizanovich,production design researcher (1 episode 2022),Apt pentru orice,None
Ben Livingstone,illustrator (1 episode 2022),Apt pentru orice,None
Yohann Angelvy,french casting mixer (8 episodes 2022),Apt pentru orice,None
Michael Baskerville,re-recording mixer (8 episodes 2022),Apt pentru orice,None
Nicolae Comarzan,sound mixer: second unit (8 episodes 2022),Vegetarian,None
Tony Diaz,adr mixer (8 episodes 2022),Apt pentru orice,None
Arturo A. Fuenmayor,re-recording mix assistant / additional re-recording mixer (8 episodes 2022),Vegetarian,None
Alastair Gray,dialogue editor (8 episodes 2022),Apt pentru orice,None
Justin Helle,foley mixer (8 episodes 2022),Vegetarian,None
John Loranger,supervising sound editor (8 episodes 2022),Vegetarian,None
Liviu Lupsa,sound mixer (8 episodes 2022),Apt pentru orice,None
Kristi McIntyre,adr editor / sound effects editor (8 episodes 2022),Vegetarian,None
Sean Miller,adr recordist (8 episodes 2022),Vegetarian,None
Faustine Pelipel,assistant sound editor (8 episodes 2022),Vegetarian,None
Dan Sexton,sound effects editor (8 episodes 2022),Apt pentru orice,None
Alex Stylianou,adr recordist (8 episodes 2022),Flexitarian,None
Jamie Sulek,re-recording mixer (8 episodes 2022),Apt pentru orice,None
Mike Tehrani,adr mixer (8 episodes 2022),Apt pentru orice,None
Marcus Byrne,adr mixer (7 episodes 2022),Apt pentru orice,None
Greg Crawford,adr mixer (7 episodes 2022),Vegetarian,None
Juan Martin Del Campo,adr mixer (7 episodes 2022),Apt pentru orice,None
Tim McKeever,adr mixer (7 episodes 2022),Apt pentru orice,None
Simon Diggins,adr mixer (6 episodes 2022),Vegetarian,None
Jonathan Gomez,adr mixer (4 episodes 2022),Apt pentru orice,None
Nathan Jackson,foley editor (1 episode 2022),Flexitarian,None
William Kellerman,foley artist (1 episode 2022),Flexitarian,None
Leslie Liu,adr mixer (2 episodes 2022),Vegetarian,None
Ana Quiroga,audio coordinator (uncredited) (8 episodes 2022),Flexitarian,None
Dan Barcutean,special effects technician (8 episodes 2022),Apt pentru orice,None
Max Costello,special effects technician (7 episodes 2022),Apt pentru orice,None
Florin Stoian,special effects technician (8 episodes 2022),Flexitarian,None
Harry Troughton,special effects coordinator (8 episodes 2022),Flexitarian,None
Jason Troughton,special effects supervisor (8 episodes 2022),Apt pentru orice,None
Adrian Nica,lead technician (4 episodes 2022),Apt pentru orice,None
Ilinca Angelescu,special effects makeup (1 episode 2022),Vegetarian,None
Yovko Dogandjiiski,special effects supervisor (2 episodes 2022),Flexitarian,None
Antonia Tocheva,special effects office coordinator (2 episodes 2022),Vegetarian,None
Matthew Adams,digital compositor: Ghost VFX Toronto (8 episodes 2022),Vegetarian,None
Oana Bardan,visual effects coordinator (8 episodes 2022),Apt pentru orice,None
Craig Calvert,visual effects supervisor: Mr. X (8 episodes 2022),Flexitarian,None
Kevin Chandoo,head of studio: Ghost VFX Toronto (8 episodes 2022),Flexitarian,None
Nick Colangelo,visual effects producer: Mr. X (8 episodes 2022),Apt pentru orice,None
John Coldrick,visual effects supervisor: Rocket Science VFX (8 episodes 2022),Flexitarian,None
Sam Cole,lighting lead: Mr. X (8 episodes 2022),Vegetarian,None
Chris Cooper,cg supervisor: Mr. X (8 episodes 2022),Apt pentru orice,None
Roger Dalupang,lead render wrangler/pipeline td (8 episodes 2022),Vegetarian,None
Swedyl DSouza,visual effects production manager (8 episodes 2022),Vegetarian,None
Maxime Ducharme,visual effects artist: MELS (2 episodes 2022),Flexitarian,None
Paula Fanaia,digital compositor: Ghost VFX Toronto (8 episodes 2022),Flexitarian,None
Mariah Fleetham,visual effects production assistant: Take 5 VFX (8 episodes 2022),Flexitarian,None
Kathryn Foster,visual effects editor: Ghost VFX Toronto (8 episodes 2022),Apt pentru orice,None
Ben Funk,lead compositor: Take 5 VFX (8 episodes 2022),Flexitarian,None
Keith Goh,visual effects assistant editor: MPC (8 episodes 2022),Flexitarian,None
Kari-Lyn Gravel,visual effects associate line producer: Stereo D (8 episodes 2022),Vegetarian,None
Jon Howard,visual effects producer: Ghost VFX Toronto (6 episodes 2022),Flexitarian,None
Kent Johnson,visual effects producer (8 episodes 2022),Apt pentru orice,None
Anna Joukova,compositor: Take 5 VFX / visual effects compositor: Take 5 VFX (8 episodes 2022),Vegetarian,None
Jesse Kawzenuk,on-set visual effects supervisor (8 episodes 2022),Flexitarian,None
Grant Lee,visual effects supervisor: Stereo D (8 episodes 2022),Apt pentru orice,None
Jake Lunt Davies,concept design (8 episodes 2022),Flexitarian,None
Dumitrana Teodora Lupu,visual effects production assistant (8 episodes 2022),Apt pentru orice,None
Amy Madigan,visual effects production manager: Stereo D (8 episodes 2022),Vegetarian,None
Yael Majors,visual effects assistant supervisor: Stereo D (3 episodes 2022),Vegetarian,None
Mariano Mendoza,assets lead: Mr. X (8 episodes 2022),Apt pentru orice,None
Guillermo Molina,lead tools developer (8 episodes 2022),Apt pentru orice,None
Skye Morandin,visual effects production manager: Stereo D (8 episodes 2022),Flexitarian,None
Tom Nagy,animation supervisor: Mr. X (8 episodes 2022),Flexitarian,None
Ken Nielsen,compositing supervisor: Ghost VFX Toronto (8 episodes 2022),Flexitarian,None
Razvan Nineaca,data wrangler (8 episodes 2022),Apt pentru orice,None
Anthony O'Connell,Render Wrangler (8 episodes 2022),Flexitarian,None
Catalin Otelea,data wrangler (8 episodes 2022),Vegetarian,None
Matei Ovejan,data wrangler (8 episodes 2022),Vegetarian,None
Alessandro Pantanella,visual effects supervisor: Ghost VFX Toronto (8 episodes 2022),Apt pentru orice,None
Travis Pond,compositor: Take 5 VFX (8 episodes 2022),Vegetarian,None
Yawar Raja,layout lead: Mr. X (8 episodes 2022),Vegetarian,None
Aditya Sawant,visual effects coordinator: Ghost VFX Toronto (8 episodes 2022),Apt pentru orice,None
Matt Schofield,vfx head of operations (8 episodes 2022),Vegetarian,None
Ksenia Shutova,compositor: Take 5 VFX (8 episodes 2022),Flexitarian,None
Mark Simone,visual effects producer: Stereo D (8 episodes 2022),Flexitarian,None
Denis St-Pierre,compositor: Take 5 VFX (8 episodes 2022),Flexitarian,None
Ryan Terk,Senior Visual Effects Coordinator / visual effects coordinator: MELS (8 episodes 2022),Apt pentru orice,None
Jason Teske,rigging lead: Mr. X (8 episodes 2022),Vegetarian,None
Tom Turnbull,visual effects supervisor (8 episodes 2022),Apt pentru orice,None
Fabi�n Varela,visual effects producer: Ghost VFX Toronto (8 episodes 2022),Vegetarian,None
Kelly Weisz,visual effects studio manager: Take 5 VFX (8 episodes 2022),Flexitarian,None
Angela Zhang,visual effects production manager: Mr. X (8 episodes 2022),Apt pentru orice,None
Kayden Anderson,visual effects producer: Rocket Science VFX (7 episodes 2022),Flexitarian,None
Eddie Englander,visual effects supervisor: Monsters Aliens Robots Zombies (2 episodes 2022),Apt pentru orice,None
Rashid Khallouk,compositing lead: Mr. X (6 episodes 2022),Vegetarian,None
Timothy Mah,visual effects editor: Rocket Science VFX (7 episodes 2022),Apt pentru orice,None
Michael Osuszek,visual effects coordinator: Rocket Science VFX (7 episodes 2022),Vegetarian,None
Rodrigo Paiva,compositing lead: Monsters Aliens Robots Zombies (1 episode 2022),Apt pentru orice,None
Suresh Pandi,lead compositor: Rocket Science VFX / compositor: Rocket Science VFX (7 episodes 2022),Flexitarian,None
Francois Robert,matchmove/layout artist: MELS (3 episodes 2022),Flexitarian,None
Adam Smith,lead compositor: Rocket Science VFX (7 episodes 2022),Flexitarian,None
Sarvesh Amre,visual effects production manager: NetFX Mumbai (6 episodes 2022),Vegetarian,None
Beno�t Bri�re,visual effects supervisor: MELS (6 episodes 2022),Apt pentru orice,None
Paul Chambers,assets supervisor: Monsters Aliens Robots Zombies (1 episode 2022),Flexitarian,None
Dipak Gaur,digital compositor: Ghost VFX Toronto (6 episodes 2022),Apt pentru orice,None
Taraknath Ghosh,paint artist: Stereo D (5 episodes 2022),Flexitarian,None
Baz Lanaris,cg supervisor: MELS (6 episodes 2022),Apt pentru orice,None
Prateek Mishra,paint artist: Stereo D (5 episodes 2022),Vegetarian,None
Erin Nicholson,cg supervisor: Ghost VFX Toronto (6 episodes 2022),Flexitarian,None
Bikram Singh,paint artist: Stereo D (5 episodes 2022),Vegetarian,None
Khushroo Surveyor,visual effects lighter: Rocket Science VFX (5 episodes 2022),Flexitarian,None
Ramesh Kumar Yanagandhula,paint artist: Stereo D (5 episodes 2022),Flexitarian,None
Lynx Zuo,digital compositor: Ghost VFX Toronto (6 episodes 2022),Flexitarian,None
Patti Gannon,compositor: Take 5 VFX (4 episodes 2022),Vegetarian,None
Tanya Haddad,visual effects producer: Folks VFX (5 episodes 2022),Apt pentru orice,None
JoAnna Johnson,compositor: Rocket Science VFX (4 episodes 2022),Vegetarian,None
Luca Lim Diniz,visual effects artist: MELS (4 episodes 2022),Flexitarian,None
Brodie McNeill,visual effects supervisor: Folks VFX (5 episodes 2022),Flexitarian,None
Tabata Ortiz,visual effects artist: MELS (4 episodes 2022),Flexitarian,None
Nishant Patel,visual effects lighter: Rocket Science VFX (1 episode 2022),Flexitarian,None
Umapathy Rajarathinam,compositor: Rocket Science VFX (4 episodes 2022),Apt pentru orice,None
Genesis Rivas,compositor: Take 5 VFX (4 episodes 2022),Vegetarian,None
Manish Rohith,compositing artist: Monsters Aliens Robots Zombies (1 episode 2022),Flexitarian,None
Luca Gabriele Rossetti,digital matte painter/environment supervisor: Monsters Aliens Robots Zombies (1 episode 2022),Vegetarian,None
Salil Thapa,visual effects line producer: NetFX Mumbai (5 episodes 2022),Apt pentru orice,None
Fran�ois Trudel,visual effects artist: MELS / visual effects supervisor: MELS (4 episodes 2022),Apt pentru orice,None
Wesley While,compositor: Take 5 VFX (5 episodes 2022),Vegetarian,None
Kaylie Whitcher,visual effects producer: Folks VFX (5 episodes 2022),Vegetarian,None
Sarah Wormsbecher,visual effects executive producer: Folks VFX (5 episodes 2022),Apt pentru orice,None
Summer Zong,cg supervisor: Folks VFX (5 episodes 2022),Apt pentru orice,None
Oksana Andrulis,visual effects production manager: Folks VFX / animation coordinator: Folks VFX (3 episodes 2022),Apt pentru orice,None
David Dionne,visual effects artist: MELS (2 episodes 2022),Vegetarian,None
Josh George,fx lead: Folks VFX (3 episodes 2022),Apt pentru orice,None
James Takashi Higuchi,lighting supervisor: Monsters Aliens Robots Zombies (1 episode 2022),Flexitarian,None
Christopher Jude,compositor: Rocket Science VFX (3 episodes 2022),Flexitarian,None
Jos� Lasa,compositor: Rocket Science VFX / visual effects lighter: Rocket Science VFX (3 episodes 2022),Flexitarian,None
Marco Lee,compositing supervisor: Folks VFX (3 episodes 2022),Flexitarian,None
Dinaaz Mathur,visual effects production coordinator: NetFX Mumbai (4 episodes 2022),Apt pentru orice,None
Ben McDougal,surfacing lead: Monsters Aliens Robots Zombies (4 episodes 2022),Vegetarian,None
Sumit Mukherjee,paint supervisor: NetFX Mumbai (4 episodes 2022),Vegetarian,None
Isha Nigam,head of production: NetFX Mumbai (4 episodes 2022),Apt pentru orice,None
Ryan Jae Wook Park,layout supervisor: Folks VFX (3 episodes 2022),Vegetarian,None
Gustavo Sanchez-Perez,fx supervisor: Monsters Aliens Robots Zombies (1 episode 2022),Apt pentru orice,None
Kyle Sim,head of 2d: Folks VFX (4 episodes 2022),Vegetarian,None
Pankaj Umbarkar,junior paint lead: NetFX Mumbai (4 episodes 2022),Apt pentru orice,None
Sahil Agrahari,junior paint artist: NetFX Mumbai (2 episodes 2022),Apt pentru orice,None
Chris Archinet,visual effects artist: MELS (2 episodes 2022),Flexitarian,None
Ajay Kumar Attinti,roto lead: NetFX Mumbai (3 episodes 2022),Apt pentru orice,None
Samuel Boisvert,visual effects artist: MELS (2 episodes 2022),Vegetarian,None
Reine Bourgault,visual effects artist: MELS (2 episodes 2022),Vegetarian,None
Aakash Chaudhari,roto artist: NetFX Mumbai (2 episodes 2022),Flexitarian,None
Dave David,animation artist: Monsters Aliens Robots Zombies (1 episode 2022),Apt pentru orice,None
Amod Diwakar,assistant visual effects line producer: Stereo D / visual effects assistant line producer: Stereo D (3 episodes 2022),Flexitarian,None
Nadine Fr�ve,lead visual effects editor: Folks VFX / visual effects editor: Folks VFX (2 episodes 2022),Vegetarian,None
Mark Goldberg,compositor (2 episodes 2022),Apt pentru orice,None
Leonardo Andres Grabau Villalba,visual effects artist: MELS (2 episodes 2022),Flexitarian,None
Jonathan Gr�goire,visual effects artist: MELS (3 episodes 2022),Apt pentru orice,None
Jeanne Hebert,visual effects artist: MELS (2 episodes 2022),Flexitarian,None
Pravin Hodage,2d supervisor: NetFX Mumbai (2 episodes 2022),Vegetarian,None
Cory Humes,animation supervisor: Folks VFX (3 episodes 2022),Vegetarian,None
Siddarth Jambhulkar,compositor: Rocket Science VFX (2 episodes 2022),Flexitarian,None
Mukesh Joshi,senior i/o coordinator: NetFX Mumbai (2 episodes 2022),Vegetarian,None
Simon Lecavalier,cg supervisor: MELS (2 episodes 2022),Apt pentru orice,None
Christophe Longtin,visual effects artist: MELS (2 episodes 2022),Apt pentru orice,None
Oleg Memukhin,fx supervisor: Folks VFX (3 episodes 2022),Vegetarian,None
Waseem Mohammed,head of central production: Monsters Aliens Robots Zombies (2 episodes 2022),Apt pentru orice,None
Dany Richard,visual effects artist: MELS (2 episodes 2022),Apt pentru orice,None
Nisarg Suthar,lighting supervisor: Folks VFX (3 episodes 2022),Vegetarian,None
Nitesh Sutrave,compositing supervisor: NetFX Mumbai (3 episodes 2022),Vegetarian,None
Sarvesh Talekar,roto artist: NetFX Mumbai (2 episodes 2022),Vegetarian,None
Himani Tyagi,junior paint artist: NetFX Mumbai (2 episodes 2022),Vegetarian,None
Waseem Ahmad Khan,paint artist: Stereo D (1 episode 2022),Apt pentru orice,None
Rodrigo Albano,environment artist: Monsters Aliens Robots Zombies (1 episode 2022),Apt pentru orice,None
Don Carlo Alvir,animation artist: Monsters Aliens Robots Zombies (1 episode 2022),Vegetarian,None
Leanndro Amorim,compositing artist: Monsters Aliens Robots Zombies (1 episode 2022),Flexitarian,None
Seshadri Anand,tracking/layout lead: Monsters Aliens Robots Zombies (1 episode 2022),Apt pentru orice,None
Blake Anderson,visual effects supervisor: VFX Legion (1 episode 2022),Apt pentru orice,None
Schuyler Anderson,tracking/layout lead: Monsters Aliens Robots Zombies (1 episode 2022),Flexitarian,None
Edwin Arismendez,visual effects artist: MELS (2 episodes 2022),Flexitarian,None
Jessica Bayliss,head of production: Monsters Aliens Robots Zombies (2 episodes 2022),Vegetarian,None
Sudhakar Bhavanasi,deputy manager: Stereo D (1 episode 2022),Apt pentru orice,None
Alan Bisht,compositing artist: NetFX Mumbai (1 episode 2022),Flexitarian,None
William Blanchette,visual effects artist: MELS (1 episode 2022),Vegetarian,None
Jordan Boulais,visual effects artist: MELS (2 episodes 2022),Vegetarian,None
J. Alan Bradshaw,head of cg: Monsters Aliens Robots Zombies (2 episodes 2022),Apt pentru orice,None
Peter Braeley,digital matte painter: Folks VFX (1 episode 2022),Apt pentru orice,None
Charlotte Breton,visual effects editor: Folks VFX (1 episode 2022),Flexitarian,None
Alex Bronfman,sales lead: Monsters Aliens Robots Zombies (2 episodes 2022),Apt pentru orice,None
Jonathan Bronfman,head of studio: Monsters Aliens Robots Zombies (2 episodes 2022),Flexitarian,None
Dennis Chan,animation artist: Monsters Aliens Robots Zombies (1 episode 2022),Apt pentru orice,None
Hardik Chauhan,senior compositing artist: NetFX Mumbai (1 episode 2022),Vegetarian,None
Molly Chen,assets artist: Monsters Aliens Robots Zombies (1 episode 2022),Flexitarian,None
Sujesh V. Chitty,concept artist: Folks VFX (1 episode 2022),Apt pentru orice,None
Nolan Conrad,digital compositor: VFX Legion (1 episode 2022),Vegetarian,None
Andr�s Couturier,graphic artist: VFX Legion (1 episode 2022),Apt pentru orice,None
Madhu Dasyapu,assistant roto supervisor: Stereo D (1 episode 2022),Flexitarian,None
Rodrigo de Angelis,fx artist: Monsters Aliens Robots Zombies (1 episode 2022),Vegetarian,None
Sofia Diaz,lighting artist: Monsters Aliens Robots Zombies (1 episode 2022),Apt pentru orice,None
Maya Dumont-Deslandes,visual effects studio manager: MELS (1 episode 2022),Apt pentru orice,None
Abdullah Ecirli,compositing artist: Monsters Aliens Robots Zombies (1 episode 2022),Vegetarian,None
Manoj Kumar Elangovan,tracking & layout artist: Monsters Aliens Robots Zombies (1 episode 2022),Flexitarian,None
Michael Enzbrunner,animation lead: Monsters Aliens Robots Zombies (1 episode 2022),Apt pentru orice,None
Timothy Fleur,creature artist: Monsters Aliens Robots Zombies (1 episode 2022),Apt pentru orice,None
Adam Fok,rigging lead: Monsters Aliens Robots Zombies (1 episode 2022),Vegetarian,None
Gil Franco,assets artist: Monsters Aliens Robots Zombies (1 episode 2022),Vegetarian,None
Emily Funk,assets artist: Monsters Aliens Robots Zombies (1 episode 2022),Flexitarian,None
Antonio Gallardo,visual effects producer: VFX Legion (1 episode 2022),Flexitarian,None
Gregory Galliani,modeling lead: Monsters Aliens Robots Zombies (1 episode 2022),Flexitarian,None
Igor Garanovschii,matte painter: Rocket Science VFX (1 episode 2022),Flexitarian,None
Kunal Ghai,paint artist: Stereo D (1 episode 2022),Flexitarian,None
Rakan Ghresi,fx artist: Monsters Aliens Robots Zombies (1 episode 2022),Flexitarian,None
Jimmy Gill,animation artist: Monsters Aliens Robots Zombies (1 episode 2022),Apt pentru orice,None
Yash Gowda,head of 2d: Monsters Aliens Robots Zombies (2 episodes 2022),Flexitarian,None
Jameer Haider,paint artist: NetFX Mumbai (1 episode 2022),Vegetarian,None
Lewis Hawkes,rigging lead: Monsters Aliens Robots Zombies (1 episode 2022),Flexitarian,None
Jim Hillin,visual effects lighter Ghost VFX Toronto (1 episode 2022),Flexitarian,None
Curtis Hsiung,animator: Rocket Science VFX (2 episodes 2022),Flexitarian,None
Chen Kuang Hsu,tracking & layout artist: Monsters Aliens Robots Zombies (1 episode 2022),Flexitarian,None
Salvatore Iamonte,rigging artist: Monsters Aliens Robots Zombies (1 episode 2022),Apt pentru orice,None
Pragati Jana,paint artist: Stereo D (1 episode 2022),Apt pentru orice,None
Juyong Jeon,visual effects artist (2 episodes 2022),Vegetarian,None
Kenny Jia,digital matte painter lead: Monsters Aliens Robots Zombies (1 episode 2022),Flexitarian,None
Laszlo Kalbache,asset artist: Rocket Science VFX (1 episode 2022),Vegetarian,None
Ashraf Karim,senior compositing artist: NetFX Mumbai (1 episode 2022),Apt pentru orice,None
Sharad Kate,paint artist: Stereo D (1 episode 2022),Vegetarian,None
Min Kim,compositing supervisor: Folks VFX (2 episodes 2022),Apt pentru orice,None
Jamie Knoop,visual effects production assistant: Stereo D (1 episode 2022),Apt pentru orice,None
Ashwini Lad,visual effects administrator: Stereo D (1 episode 2022),Vegetarian,None
Nadege Lagueux-Beloin,visual effects artist: MELS (1 episode 2022),Flexitarian,None
Tukaram Landbale,roto artist: NetFX Mumbai (1 episode 2022),Vegetarian,None
Dany Lebrasseur,visual effects artist: MELS (1 episode 2022),Vegetarian,None
Kate T.C. Lin,digital compositor: VFX Legion (1 episode 2022),Apt pentru orice,None
Matthias Lowry,digital compositor: VFX Legion (1 episode 2022),Apt pentru orice,None
Jimmy Lue,visual effects coordinator: Folks VFX (1 episode 2022),Apt pentru orice,None
Jim Maxwell,matte painter: Take 5 VFX (2 episodes 2022),Flexitarian,None
Jay Mehta,paint artist: NetFX Mumbai (1 episode 2022),Flexitarian,None
Kristine Middlemiss,head of technology: Monsters Aliens Robots Zombies (2 episodes 2022),Flexitarian,None
Ali Mio,visual effects producer: Rocket Science VFX (2 episodes 2022),Flexitarian,None
Guto Miranda,compositing artist: Monsters Aliens Robots Zombies (1 episode 2022),Flexitarian,None
Vashishta Mohit,compositing artist: NetFX Mumbai (1 episode 2022),Apt pentru orice,None
Lon Molnar,head of studio: Monsters Aliens Robots Zombies (2 episodes 2022),Vegetarian,None
Jose Ignacio Narv�ez Monroy,compositing lead: Mr. X (2 episodes 2022),Apt pentru orice,None
Atyeb Muneer,compositing artist: Monsters Aliens Robots Zombies (1 episode 2022),Apt pentru orice,None
Ganesh Ramdas Nalle,senior roto artist: NetFX Mumbai (1 episode 2022),Apt pentru orice,None
Michael Naphan,layout artist: Rocket Science VFX (1 episode 2022),Apt pentru orice,None
Marla Oriol,lighting artist: Monsters Aliens Robots Zombies (1 episode 2022),Vegetarian,None
Daksh Pandya,visual effects artist (2 episodes 2022),Flexitarian,None
Niki Patterson,data technician: Stereo D (1 episode 2022),Apt pentru orice,None
Aravind Pauldurai,compositing artist: Monsters Aliens Robots Zombies (1 episode 2022),Apt pentru orice,None
Victor Perez,animation artist: Monsters Aliens Robots Zombies (1 episode 2022),Vegetarian,None
Navin Pinto,rigging artist: Monsters Aliens Robots Zombies (1 episode 2022),Vegetarian,None
Norman Ran,fx lead: Rocket Science VFX (1 episode 2022),Flexitarian,None
Parastu Rezaie,lighting lead: Monsters Aliens Robots Zombies (1 episode 2022),Flexitarian,None
Jean-Christophe Rodier,rigging artist: Monsters Aliens Robots Zombies (1 episode 2022),Flexitarian,None
Dmitry Ryabchuk,environment lead: Monsters Aliens Robots Zombies (1 episode 2022),Flexitarian,None
Maryam Salehi,i/o: MELS (1 episode 2022),Apt pentru orice,None
Rajvinder Sandhu,lighting artist: Monsters Aliens Robots Zombies (1 episode 2022),Flexitarian,None
Eric Sanford,creature lead: Monsters Aliens Robots Zombies (1 episode 2022),Flexitarian,None
Rohan Sapkal,junior roto artist: NetFX Mumbai (1 episode 2022),Vegetarian,None
Alexandre Savard-Boisvert,digital compositor (1 episode 2022),Apt pentru orice,None
Mark Schreiber,animator (1 episode 2022),Flexitarian,None
Aryan Sehgal,utility compositor (1 episode 2022),Apt pentru orice,None
Ronak Shah,fx lead: Monsters Aliens Robots Zombies (1 episode 2022),Vegetarian,None
Neelima Sharma,compositor: NetFX Mumbai (1 episode 2022),Apt pentru orice,None
Vishal Shitole,i/o coordinator: NetFX Mumbai (1 episode 2022),Vegetarian,None
Casey Sincic,visual effects producer: Monsters Aliens Robots Zombies (2 episodes 2022),Vegetarian,None
Lovelesh Singh,compositing artist: NetFX Mumbai (1 episode 2022),Apt pentru orice,None
Kalpana Mahapatro Siromani,art director & mattepainting lead (1 episode 2022),Flexitarian,None
Joseph Soloway,visual effects coordinator: VFX Legion (1 episode 2022),Flexitarian,None
Meredith Sproul,show coordinator: Monsters Aliens Robots Zombies (1 episode 2022),Apt pentru orice,None
Danny Testani,animation artist: Monsters Aliens Robots Zombies (1 episode 2022),Flexitarian,None
Ali Thaheem,creature artist: Monsters Aliens Robots Zombies (1 episode 2022),Apt pentru orice,None
Hyacinthe Thomas,i/o: MELS (1 episode 2022),Vegetarian,None
Phillip Thomas,animation artist: Monsters Aliens Robots Zombies (1 episode 2022),Apt pentru orice,None
Susana Vasquez,visual effects production coordinator: Take 5 VFX (2 episodes 2022),Vegetarian,None
Marcus Vinicius,i/o: MELS (1 episode 2022),Vegetarian,None
Louis Vottero,rigging lead: Monsters Aliens Robots Zombies (1 episode 2022),Apt pentru orice,None
Tina Vuu,visual effects coordinator: VFX Legion (1 episode 2022),Flexitarian,None
Tanja Wax,fx artist: Rocket Science VFX (1 episode 2022),Vegetarian,None
Christina Wise,head of studio: MELS (1 episode 2022),Vegetarian,None
Jill Wu,digital matte painter: Monsters Aliens Robots Zombies (1 episode 2022),Apt pentru orice,None
Alphonso Young,matte painter: Take 5 VFX (2 episodes 2022),Apt pentru orice,None
Refo Yovarda,visual effects production assistant: Stereo D (1 episode 2022),Flexitarian,None
Virpalsinh Zala,compositing artist: Monsters Aliens Robots Zombies (1 episode 2022),Flexitarian,None
Abin Abraham,assets lead: MPC (uncredited) (8 episodes 2022),Vegetarian,None
Adrian Bobb,creature artist (uncredited) (8 episodes 2022),Vegetarian,None
Eddie Bonin,visual effects executive: Netflix (uncredited) (8 episodes 2022),Apt pentru orice,None
R�mi Bruschini,pipeline td (uncredited) (8 episodes 2022),Flexitarian,None
Binod Kumar Das,asset supervisor: MPC (uncredited) (8 episodes 2022),Vegetarian,None
Tiago Foa,imaging engineer: Mr. X (uncredited) (8 episodes 2022),Vegetarian,None
Jaime Fok,visual effects editorial lead (uncredited) (8 episodes 2022),Flexitarian,None
J.P. Giamos,head of production: Rocket Science VFX (uncredited) (8 episodes 2022),Flexitarian,None
Martin Hesselink,Animation Supervisor (uncredited) (8 episodes 2022),Apt pentru orice,None
Rushikesh Chandrashekhar Kamble,3d digital matte painter (uncredited) (8 episodes 2022),Flexitarian,None
Daniel May,visual effects art direction (uncredited) (8 episodes 2022),Flexitarian,None
Rachad Meya,lighting supervisor (uncredited) (8 episodes 2022),Apt pentru orice,None
Shoupal Panda,texture & lookdev artist (uncredited) (8 episodes 2022),Flexitarian,None
Josephin Peichl,visual effects coordinator: Netflix (uncredited) (8 episodes 2022),Flexitarian,None
Rakesh,3d digital matte painter lead (uncredited) (8 episodes 2022),Apt pentru orice,None
Kim Rampaul,visual effects coordinator: Netflix (uncredited) (8 episodes 2022),Vegetarian,None
Saha Saikat,texturing & lookdev artist (uncredited) (7 episodes 2022),Flexitarian,None
Seema Schere,matte painter: Monsters Aliens Robots Zombies (uncredited) (8 episodes 2022),Flexitarian,None
Surajit Senapati,3d artist (uncredited) (8 episodes 2022),Vegetarian,None
Satyendra Sharma,compositor: MPC (uncredited) (8 episodes 2022),Apt pentru orice,None
Prathamesh Ashok Waykole,asset artist: MPC (uncredited) (8 episodes 2022),Vegetarian,None
Dean Wright,visual effects executive: MGM Television (uncredited) (8 episodes 2022),Apt pentru orice,None
Dylan Botnarenko,digital matte painter: MPC (uncredited) (6 episodes 2022),Vegetarian,None
Arjun Jasmeet Chawla,digital compositor: MPC (uncredited) (5 episodes 2022),Vegetarian,None
Dennis Tae Wook Kim,digital compositor (uncredited) (5 episodes 2022),Vegetarian,None
Hoss Ghaith,cg supervisor (uncredited) (3 episodes 2022),Apt pentru orice,None
Solyi Ha,compositor: Folks VFX (uncredited) (4 episodes 2022),Flexitarian,None
Caylee Han,compositor: Folks VFX (uncredited) (4 episodes 2022),Vegetarian,None
Krista Wettlaufer,digital artist (uncredited) (3 episodes 2022),Apt pentru orice,None
Christopher Lee Zammit,concept artist (uncredited) (4 episodes 2022),Flexitarian,None
Felipe Baldo,lighting artist: Folks VFX (uncredited) (3 episodes 2022),Vegetarian,None
Marc-Antoine Blais,digital compositor (uncredited) (2 episodes 2022),Apt pentru orice,None
Adrien Francomme,digital compositor (uncredited) (2 episodes 2022),Apt pentru orice,None
Eduardo Gon�alves,digital compositor: Monsters Aliens Robots Zombies (uncredited) (2 episodes 2022),Vegetarian,None
Alexander Greenberg,senior compositor: Monsters Aliens Robots Zombies (uncredited) (2 episodes 2022),Flexitarian,None
Prashant Jain,3d digital matte painter (uncredited) (3 episodes 2022),Vegetarian,None
Hossein Karamian,compositor: Monsters Aliens Robots Zombies (uncredited) (2 episodes 2022),Vegetarian,None
Giuseppe Motta,creature supervisor (uncredited) (3 episodes 2022),Flexitarian,None
Chokkarapu Sai Pradeep,visual effects lighting artist (uncredited) (2 episodes 2022),Apt pentru orice,None
Pedro Roloff,digital compositor (uncredited) (2 episodes 2022),Apt pentru orice,None
Ilija Sazdovski,layout artist (uncredited) (3 episodes 2022),Flexitarian,None
Jason Schick,digital compositor (uncredited) (2 episodes 2022),Apt pentru orice,None
Christa Tazzeo,visual effects executive producer: Rocket Science VFX (uncredited) (3 episodes 2022),Apt pentru orice,None
Sekh Batul Ali,visual effects artist (uncredited) (1 episode 2022),Vegetarian,None
Luca Buonopane,key groom artist: MPC (uncredited) (1 episode 2022),Apt pentru orice,None
Julian Fadalti,layout artist (uncredited) (1 episode 2022),Vegetarian,None
Nitin Garg,senior lookdev artist: Folks VFX (uncredited) (1 episode 2022),Vegetarian,None
Avinash Kodali,lighting artist (uncredited) (1 episode 2022),Apt pentru orice,None
Genevieve Morneau,digital compositor: MELS (uncredited) (1 episode 2022),Vegetarian,None
Alex Park,matchmove artist: Folks VFX (uncredited) (1 episode 2022),Vegetarian,None
Evan Roberts,lighting artist (uncredited) (1 episode 2022),Apt pentru orice,None
Pavankumar Sagiraju,lighting artist (uncredited) (1 episode 2022),Apt pentru orice,None
Yulia Segura,compositor: Folks VFX (uncredited) (1 episode 2022),Flexitarian,None
Amarjit Singha,3d artist (uncredited) (1 episode 2022),Apt pentru orice,None
Brett Chan,stunt coordinator (8 episodes 2022),Vegetarian,None
Ionut Cotruta,stunt rigger (8 episodes 2022),Flexitarian,None
Jason Ng,assistant stunt coordinator / cover stunt coordinator (8 episodes 2022),Apt pentru orice,None
Jenny Umbhau,stunt double: Jenna Ortega (8 episodes 2022),Apt pentru orice,None
Fanel Ursu,stunt rigger (8 episodes 2022),Vegetarian,None
Andrei Vintileanu,stunt rigger (8 episodes 2022),Flexitarian,None
Daniel Visan,stunts (8 episodes 2022),Flexitarian,None
Nailah Johnson,stunt double: Joy Sunday / stunt performer (2 episodes 2022),Apt pentru orice,None
Kinga Kives,stunt performer (3 episodes 2022),Vegetarian,None
Alexandre Lopoka,stunt double: Tommie Earl Jenkins (2 episodes 2022),Apt pentru orice,None
Milena Brewster,stunt double: Johnna Dias-Watson (1 episode 2022),Flexitarian,None
Maxime Coulon,stunt double: Calum Ross (1 episode 2022),Vegetarian,None
Gabrielle Anne Desy,stunt double: Emma Myers (1 episode 2022),Vegetarian,None
Victoria Goodman,stunt performer (1 episode 2022),Vegetarian,None
Daniel Himschoot,stunt double: Percy White (1 episode 2022),Vegetarian,None
Matt Kennedy,stunt performer (1 episode 2022),Flexitarian,None
Kaanchana Kerr,stunt performer (2 episodes 2022),Apt pentru orice,None
Darlene Pineda,stunt performer (1 episode 2022),Vegetarian,None
Phedra Syndelle,stunt double: Joy Sunday (1 episode 2022),Flexitarian,None
Alexandra Vilcsek,stunt performer (1 episode 2022),Flexitarian,None
Don�t B�nkuti,digital imaging technician: second unit (8 episodes 2022),Flexitarian,None
Vlad Cioplea,still photographer (8 episodes 2022),Apt pentru orice,None
David Dorohoianu,second photography assistant (8 episodes 2022),Flexitarian,None
Omar Dughouz,"second assistant camera: ""a"" camera (8 episodes 2022)",Vegetarian,None
D�niel Farkas,digital imaging technician (8 episodes 2022),Apt pentru orice,None
Robert Fenichiu,electrician / lighting technician (8 episodes 2022),Flexitarian,None
Cristi Fratoaica,second assistant camera: second unit (8 episodes 2022),Vegetarian,None
Toni Ilinca,video operator (8 episodes 2022),Apt pentru orice,None
Ochiana Ionut,video assist operator (8 episodes 2022),Vegetarian,None
Andrei Karastanef,"second assistant camera: ""a"" camera (8 episodes 2022)",Apt pentru orice,None
Brad Larner,"first assistant camera: ""a"" camera (8 episodes 2022)",Vegetarian,None
Tudor Lucaciu,director of photography: second unit (8 episodes 2022),Apt pentru orice,None
Radu Marinescu,key grip (8 episodes 2022),Flexitarian,None
Florin Mihalache,gaffer (8 episodes 2022),Apt pentru orice,None
Mihai Adrian Olteanu,best boy electric (8 episodes 2022),Flexitarian,None
Andrei Petrescu,electrician (8 episodes 2022),Flexitarian,None
Liviu Pojoni Jr.,"camera operator: ""b"" camera (8 episodes 2022)",Apt pentru orice,None
Florea Andrei Stefan,dimmerboard operator/lighting console programmer (8 episodes 2022),Vegetarian,None
Viorel Stefan,crane operator (8 episodes 2022),Flexitarian,None
Adelina Vancea,camera trainee (8 episodes 2022),Apt pentru orice,None
Petre Victor,"camera operator: ""b"" camera (8 episodes 2022)",Apt pentru orice,None
Rob Arrowsmith,"camera operator: ""a"" camera/steadicam operator main unit (4 episodes 2022)",Flexitarian,None
Andrei Cretan,"first assistant camera: ""b"" camera (4 episodes 2022)",Vegetarian,None
Fabrizio Sciarra,"camera operator: ""a"" camera/steadicam operator main unit (4 episodes 2022)",Apt pentru orice,None
Boroka Biro,director of photography: epk (2 episodes 2022),Apt pentru orice,None
Valdas Gulbinauskas,video assistant: additional photography (2 episodes 2022),Vegetarian,None
Matei Popa,second assistant camera: second unit (2 episodes 2022),Flexitarian,None
S�ndor �rkus,data management technician (2 episodes 2022),Flexitarian,None
Cornel Biciu,underwater gaffer (1 episode 2022),Apt pentru orice,None
Neil Bradley,ronin 2 technician: additional photography (1 episode 2022),Flexitarian,None
Alexandru Durac,"camera operator: ""a"" camera/steadicam operator (1 episode 2022)",Flexitarian,None
Sarbu Gigi,key grip: second unit (1 episode 2022),Apt pentru orice,None
Ben Parish,underwater assistant camera (1 episode 2022),Flexitarian,None
Aurelian Radu,grip (2 episodes 2022),Vegetarian,None
Ian Seabrook,underwater director of photography (1 episode 2022),Flexitarian,None
Constantin Stan,second unit (1 episode 2022),Flexitarian,None
Alexandru Bogdan Stefan,crane technician (2 episodes 2022),Apt pentru orice,None
Bal�zs V�rszegi,data management technician (2 episodes 2022),Apt pentru orice,None
Jens Winkler,underwater assistant camera (1 episode 2022),Vegetarian,None
Catalin Popa,photography assistant (uncredited) (8 episodes 2022),Vegetarian,None
Peter Driscoll,key animator (1 episode 2022),Flexitarian,None
Whitney Strouth,animator (uncredited) (1 episode 2022),Vegetarian,None
Emily Bohbrink,casting associate (8 episodes 2022),Apt pentru orice,None
Sin�ad Donnelly,casting assistant: Jenna Ortega (8 episodes 2022),Apt pentru orice,None
Radu Dragoi,casting assistant (8 episodes 2022),Vegetarian,None
Frankie Fearis,casting assistant (8 episodes 2022),Apt pentru orice,None
Olissa Rogers,casting associate: Jenna Ortega (8 episodes 2022),Vegetarian,None
Chandra Ruegg,casting associate (8 episodes 2022),Apt pentru orice,None
Fiona Weir,casting: Jenna Ortega (8 episodes 2022),Apt pentru orice,None
Sarah Wilson,casting associate (8 episodes 2022),Flexitarian,None
Maddalena Zuppetta,casting assistant (8 episodes 2022),Apt pentru orice,None
George Ludlow,casting associate (3 episodes 2022),Apt pentru orice,None
Ioana Albaiu,wardrobe supervisor (8 episodes 2022),Apt pentru orice,None
Madalina Anton,breakdown artist (8 episodes 2022),Apt pentru orice,None
Mattia Bionda,principal costume cutter (8 episodes 2022),Apt pentru orice,None
Mariana Bujoi,costumer (8 episodes 2022),Apt pentru orice,None
Maria Ciucanu,wardrobe mistress (8 episodes 2022),Flexitarian,None
Ylenia Comerci,principal seamstress (8 episodes 2022),Flexitarian,None
Lavinia Dedu,set costumer (8 episodes 2022),Flexitarian,None
Constantinescu Denisa,wardrobe assistant (8 episodes 2022),Vegetarian,None
Andreea Dinu,principal standby (8 episodes 2022),Flexitarian,None
Maria Endara,senior costume maker (8 episodes 2022),Vegetarian,None
Cristina Ghergheli,set costumer (8 episodes 2022),Vegetarian,None
Megan Howell,senior costume maker (8 episodes 2022),Apt pentru orice,None
Daniela Ilin,set costumer (8 episodes 2022),Vegetarian,None
Benjamin Ip,costume concept artist (8 episodes 2022),Vegetarian,None
Ana Lazar,wardrobe assistant (8 episodes 2022),Vegetarian,None
Paula Lazaroni,breackdown artist (8 episodes 2022),Vegetarian,None
Twan Lentjes,principal costume maker (8 episodes 2022),Vegetarian,None
Ioana Mihailescu,wardrobe assistant / crowd standby costumer / crowd stand-by costumer (8 episodes 2022),Flexitarian,None
Alessio O'Driscoll,principle costume cutter (8 episodes 2022),Vegetarian,None
Ioana Somanescu,principal standby (8 episodes 2022),Flexitarian,None
Bobby Soutar,assistant costume designer (8 episodes 2022),Apt pentru orice,None
Mark Sutherland,costume co-designer (8 episodes 2022),Flexitarian,None
Beth Tilley,senior costume maker (8 episodes 2022),Vegetarian,None
Jess Willcock-Stow,junior assistant costume designer / junior assistant costume designerr (8 episodes 2022),Apt pentru orice,None
Elizabeta Zainea,wardrobe assistant (8 episodes 2022),Vegetarian,None
Marta Airoli,principal seamstress (5 episodes 2022),Apt pentru orice,None
Ian Frazer Wallace,principle cutter (5 episodes 2022),Vegetarian,None
Adina Bucur,costume supervisor (4 episodes 2022),Apt pentru orice,None
Claudia Littlefield,costume supervisor (3 episodes 2022),Flexitarian,None
Alina Caprian,additional costumer (1 episode 2022),Vegetarian,None
Madison D'Urbano,post-production assistant: Marc Graue Recording Studios (8 episodes 2022),Vegetarian,None
Bogdan Geambasu,dailies operator (8 episodes 2022),Apt pentru orice,None
Katherine Hul,post production supervisor (8 episodes 2022),Vegetarian,None
Razvan Ilinca,assistant editor (8 episodes 2022),Flexitarian,None
Tom Mayclim,data manager: Company 3 (8 episodes 2022),Vegetarian,None
Ian Passy,Color Assistant (8 episodes 2022),Apt pentru orice,None
Sebastian Plamadeala,dailies supervisor (8 episodes 2022),Vegetarian,None
Carmen Rizac,dailies coordinator (8 episodes 2022),Vegetarian,None
Joanne Rourke,senior colorist (7 episodes 2022),Flexitarian,None
Alexandru Stoica,dailies operator (8 episodes 2022),Apt pentru orice,None
Ian Sullivan,finishing accountant (8 episodes 2022),Flexitarian,None
Lavinia Terletchi,assistant editor (8 episodes 2022),Vegetarian,None
Viktorija Tupikaite,data i/o operator (8 episodes 2022),Flexitarian,None
Motassem Younes,on-line editor (8 episodes 2022),Apt pentru orice,None
Galina Chakarova,first assistant editor (4 episodes 2022),Flexitarian,None
Mihai Cosmin Popa,first assistant editor (4 episodes 2022),Flexitarian,None
Paul G. Day,additional editor (1 episode 2022),Vegetarian,None
Cristi Dogaru,assistant location manager (8 episodes 2022),Flexitarian,None
Calin Hagima,location manager (8 episodes 2022),Apt pentru orice,None
Tracey Savein,location scout (8 episodes 2022),Apt pentru orice,None
Alex Molea,supervising location manager (4 episodes 2022),Apt pentru orice,None
Mircea Paraschiv,location manager (4 episodes 2022),Vegetarian,None
Florin Patrascu,assistant location manager (4 episodes 2022),Apt pentru orice,None
Chris Bacon,composer: additional music (8 episodes 2022),Flexitarian,None
Sarah Chapeck,music coordinator (8 episodes 2022),Apt pentru orice,None
Norbert Elek,music preparation (8 episodes 2022),Apt pentru orice,None
Danny Elfman,theme music composer (8 episodes 2022),Apt pentru orice,None
Peter Kohrman,technical score engineer (8 episodes 2022),Vegetarian,None
Jen Malone,music supervisor (8 episodes 2022),Apt pentru orice,None
Mandy Mamlet,music executive (8 episodes 2022),Vegetarian,None
�lveti M�ty�s,cello solos by (8 episodes 2022),Apt pentru orice,None
Michael T. Ryan,music editor (8 episodes 2022),Flexitarian,None
B�lint Sapszon,contractor for Budapest Scoring (8 episodes 2022),Apt pentru orice,None
Viktor Szab�,recording engineer (8 episodes 2022),Apt pentru orice,None
Nicole Weisberg,music supervisor (8 episodes 2022),Vegetarian,None
Shachar Boussani,score mix assistant (6 episodes 2022),Apt pentru orice,None
Robert Litton,orchestrator (6 episodes 2022),Vegetarian,None
Noah Scot Snyder,music scoring mixer (6 episodes 2022),Flexitarian,None
Esin Aydingoz,arranger (3 episodes 2022),Apt pentru orice,None
Hemanth965,orchestrator: theme melody (3 episodes 2022),Flexitarian,None
Steve Bartek,orchestrator (2 episodes 2022),Flexitarian,None
Bence Bob�k,score engineer (2 episodes 2022),Vegetarian,None
David G. Russell,conforming (2 episodes 2022),Apt pentru orice,None
Greg Hayes,music scoring mixer (1 episode 2022),Vegetarian,None
Bri Holland,singer (1 episode 2022),Apt pentru orice,None
Alfredo Pasquel,score mix assistant (1 episode 2022),Vegetarian,None
Cristina B�lea,assistant script supervisor (8 episodes 2022),Flexitarian,None
Monica Tatu,script supervisor (8 episodes 2022),Apt pentru orice,None
Daniel Sipocz,service driver (8 episodes 2022),Vegetarian,None
Pal Szil�rd Levente,unit driver (8 episodes 2022),Flexitarian,None
Priscila Amescua-Mendez,Support to co executive producer (8 episodes 2022),Apt pentru orice,None
Dogaru Silviu Andrei,unit production assistant / unit set assistant (8 episodes 2022),Vegetarian,None
Aaron Becker,main title design (8 episodes 2022),Apt pentru orice,None
Gergo Benkoczy,dog trainer (8 episodes 2022),Vegetarian,None
Dascalu Bogdan,unit production assistant (8 episodes 2022),Vegetarian,None
Teo Bostanica,unit manager (8 episodes 2022),Apt pentru orice,None
Alexandra Cranga,petty cash accountant (8 episodes 2022),Apt pentru orice,None
Razvana Cristescu,first assistant accountant (8 episodes 2022),Vegetarian,None
Claudia Dediu,producer's assistant (8 episodes 2022),Apt pentru orice,None
Penny Dyer,dialect coach (8 episodes 2022),Vegetarian,None
Zoltan Horkai,head animal trainer (8 episodes 2022),Flexitarian,None
Ana Ineni,production secretary (8 episodes 2022),Vegetarian,None
Emanuel Gabriel Ion,testing coordinator assistant (8 episodes 2022),Apt pentru orice,None
Gavriloaia Irina,assistant contracts coordinator (8 episodes 2022),Vegetarian,None
Peter Ivanyi,head animal trainer (8 episodes 2022),Vegetarian,None
Austin Kircher,post-production accountant (8 episodes 2022),Flexitarian,None
Christopher Landry,epk host (8 episodes 2022),Apt pentru orice,None
Nelson Moses Lassiter,production administration assistant (8 episodes 2022),Vegetarian,None
Ioana Macarie,choreographer (8 episodes 2022),Vegetarian,None
Cosmin Manea,payroll accountant (8 episodes 2022),Apt pentru orice,None
Elle McAlpine,intimacy coordinator (8 episodes 2022),Flexitarian,None
Troy James Miller,titles producer: Filmograph (8 episodes 2022),Flexitarian,None
Dan Mirea,unit operations (8 episodes 2022),Flexitarian,None
Ioana Mititelu,assistant production coordinator (8 episodes 2022),Vegetarian,None
Kristine Popovici,office production assistant (8 episodes 2022),Vegetarian,None
Aurel Nicolae Radu,assistant accountant (8 episodes 2022),Vegetarian,None
Olesea Railean,production accountant (8 episodes 2022),Flexitarian,None
Adrian Sabau,production coordinator (8 episodes 2022),Flexitarian,None
Iulia Anamaria Sima,contracts coordinator (8 episodes 2022),Apt pentru orice,None
Daniela Soare,production assistant (8 episodes 2022),Flexitarian,None
Adam M. Stone,product placement coordinator (8 episodes 2022),Vegetarian,None
Cat Stone,product placement coordinator (8 episodes 2022),Apt pentru orice,None
Georgiana Tamaga,travel coordinator (8 episodes 2022),Flexitarian,None
Logi Thorvaldsson,actors assistant (8 episodes 2022),Flexitarian,Sirena
Toria Turner,executive assistant (8 episodes 2022),Vegetarian,None
Tony Wright,international liaison (8 episodes 2022),Flexitarian,None
Bianca Bumbacea,basecamp runner (7 episodes 2022),Flexitarian,None
Lindsay Moffat,production accountant (4 episodes 2022),Apt pentru orice,None
Gunnar Sizemore,adr voice actor (4 episodes 2022),Apt pentru orice,None
Bacula Sorin,caterer (3 episodes 2022),Vegetarian,None
Monica Adam,petty cash (2 episodes 2022),Flexitarian,None
Liliana Chomsky,adr loop group (2 episodes 2022),Apt pentru orice,None
Vanessa Coffey,intimacy coordinator (2 episodes 2022),Apt pentru orice,None
Marius Florescu,covid supervisor (2 episodes 2022),Vegetarian,None
Marilyn Lindsay,prep accountant (2 episodes 2022),Flexitarian,None
Rhidian Bridge,covid supervisor (1 episode 2022),Vegetarian,None
Bianca Bumvacea,basecamp runner (1 episode 2022),Vegetarian,None
Luke Carroll,production secretary: additional photography (1 episode 2022),Vegetarian,None
Ahmed El-Gallad,writer (1 episode 2022),Flexitarian,None
Jorge Garcia Castro,consultant (1 episode 2022),Flexitarian,None
Adam Lannon,covid manager (1 episode 2022),Vegetarian,None
Sarah McGuinness,dialect coach: James Clay Caroline Lawrie (1 episode 2022),Apt pentru orice,None
Annabel Wilkin,first assistant accountant: UK (1 episode 2022),Flexitarian,None
Eugene Shawn,assistant (uncredited) (8 episodes 2022),Flexitarian,None
Ana Duarte,assistant to casting director (uncredited) (1 episode 2022),Vegetarian,None
Isaac Sunderland,covid coordinator (uncredited) (1 episode 2022),Apt pentru orice,None
Charlie Elijah,figurant,Vegetarian,Sirena
Eve Lucas,figurant,Apt pentru orice,Clarvazator
Scarlett Noah,figurant,Flexitarian,Sirena
Abigail James,figurant,Flexitarian,Clarvazator
Madison Ethan,figurant,Apt pentru orice,Sirena
Frank William,figurant,Apt pentru orice,Sirena
Bob Ethan,figurant,Apt pentru orice,Vampir
Bob Mason,figurant,Apt pentru orice,Sirena
Ella Cameron,figurant,Apt pentru orice,Varcolac
Victoria James,figurant,Vegetarian,Clarvazator
Mia Mason,figurant,Vegetarian,Clarvazator
Charlie Liam,figurant,Apt pentru orice,Varcolac
Madison Elijah,figurant,Flexitarian,Om
Mia Alexander,figurant,Flexitarian,Clarvazator
Aiden William,figurant,Vegetarian,Vampir
Emily James,figurant,Flexitarian,Vampir
Charlie James,figurant,Apt pentru orice,Sirena
Alexander Elijah,figurant,Flexitarian,Vampir
Emily William,figurant,Apt pentru orice,Varcolac
Ella Mason,figurant,Flexitarian,Clarvazator
Elizabeth Benjamin,figurant,Vegetarian,Om
Charlie Liam,figurant,Apt pentru orice,Clarvazator
Daisy Ethan,figurant,Apt pentru orice,Clarvazator
Mia Chloe,figurant,Apt pentru orice,Vampir
Elizabeth Michael,figurant,Flexitarian,Varcolac
Emily Ethan,figurant,Vegetarian,Vampir
Madison Ethan,figurant,Flexitarian,Om
Victoria William,figurant,Apt pentru orice,Vampir
Elizabeth Benjamin,figurant,Flexitarian,Sirena
Sophia Michael,figurant,Apt pentru orice,Varcolac
Olivia William,figurant,Flexitarian,Om
Isabella Logan,figurant,Apt pentru orice,Vampir
Abigail AnnBenjamin,figurant,Apt pentru orice,Vampir
Benjamin Cameron,figurant,Flexitarian,Vampir
Eve Michael,figurant,Flexitarian,Sirena
Chloe Michael,figurant,Vegetarian,Sirena
Isabella Elijah,figurant,Apt pentru orice,Clarvazator
Benjamin Oliver,figurant,Vegetarian,Om
Greta Benjamin,figurant,Apt pentru orice,Varcolac
Daisy Benjamin,figurant,Flexitarian,Vampir
Alexander Lucas,figurant,Apt pentru orice,Sirena
Avery Noah,figurant,Flexitarian,Sirena
Greta Oliver,figurant,Vegetarian,Om
Olivia Alexander,figurant,Vegetarian,Clarvazator
Charlie Michael,figurant,Vegetarian,Varcolac
Avery Elijah,figurant,Flexitarian,Sirena
Chloe Alexander,figurant,Vegetarian,Sirena
Emily Michael,figurant,Vegetarian,Varcolac
Aiden Logan,figurant,Apt pentru orice,Varcolac
Alexander Mason,figurant,Apt pentru orice,Om
Daisy William,figurant,Apt pentru orice,Om
Sophia James,figurant,Apt pentru orice,Clarvazator
Avery Grace,figurant,Vegetarian,Varcolac
Victoria Alexander,figurant,Apt pentru orice,Om
Elizabeth James,figurant,Apt pentru orice,Vampir
Charlie William,figurant,Vegetarian,Varcolac
William Elijah,figurant,Vegetarian,Vampir
Alice Elijah,figurant,Flexitarian,Om
Emily Liam,figurant,Vegetarian,Clarvazator
Victoria Logan,figurant,Apt pentru orice,Om
Olivia Grace,figurant,Apt pentru orice,Vampir
Charlie James,figurant,Apt pentru orice,Om
Frank Elijah,figurant,Apt pentru orice,Sirena
Michael Noah,figurant,Vegetarian,Clarvazator
Charlie Elijah,figurant,Apt pentru orice,Clarvazator
Isabella Lucas,figurant,Vegetarian,Vampir
Mia Noah,figurant,Apt pentru orice,Om
Olivia Lucas,figurant,Vegetarian,Vampir
Victoria Mason,figurant,Flexitarian,Sirena
Hannah Ethan,figurant,Flexitarian,Vampir
Hannah Elijah,figurant,Vegetarian,Om
Daisy Liam,figurant,Flexitarian,Sirena
Frank ,figurant,Vegetarian,Vampir
Sophia Benjamin,figurant,Apt pentru orice,Sirena
Charlie James,figurant,Vegetarian,Sirena
Charlie AnnBenjamin,figurant,Flexitarian,Sirena
Chloe Lucas,figurant,Apt pentru orice,Vampir
Daisy Benjamin,figurant,Apt pentru orice,Om
Alice Mason,figurant,Apt pentru orice,Clarvazator
Daniel William,figurant,Vegetarian,Varcolac
Benjamin ,figurant,Vegetarian,Sirena
Avery Elijah,figurant,Apt pentru orice,Clarvazator
Aiden Liam,figurant,Flexitarian,Sirena
Ella Benjamin,figurant,Apt pentru orice,Clarvazator
Charlie Oliver,figurant,Flexitarian,Clarvazator
Bob Alexander,figurant,Apt pentru orice,Om
William Lucas,figurant,Vegetarian,Om
Greta Benjamin,figurant,Flexitarian,Om
Abigail Elijah,figurant,Vegetarian,Vampir
Abigail Noah,figurant,Vegetarian,Varcolac
Bob Mason,figurant,Vegetarian,Sirena
Elizabeth William,figurant,Vegetarian,Sirena
Abigail Benjamin,figurant,Flexitarian,Varcolac
Alice Benjamin,figurant,Flexitarian,Sirena
Hannah Elijah,figurant,Flexitarian,Clarvazator
Aiden Alexander,figurant,Flexitarian,Varcolac
Abigail Alexander,figurant,Apt pentru orice,Clarvazator
Emily Benjamin,figurant,Flexitarian,Clarvazator
Alice Elijah,figurant,Apt pentru orice,Clarvazator
Ethan Noah,figurant,Vegetarian,Vampir
Scarlett Alexander,figurant,Vegetarian,Sirena
Frank Benjamin,figurant,Apt pentru orice,Vampir
Isabella ,figurant,Apt pentru orice,Om
Sophia Alexander,figurant,Apt pentru orice,Sirena
Harper Liam,figurant,Apt pentru orice,Clarvazator
William Michael,figurant,Vegetarian,Sirena
Avery ,figurant,Apt pentru orice,Clarvazator
Sophia Cameron,figurant,Vegetarian,Varcolac
Michael Logan,figurant,Vegetarian,Clarvazator
Daisy Liam,figurant,Flexitarian,Varcolac
Ethan Ethan,figurant,Vegetarian,Sirena
Eve Lucas,figurant,Flexitarian,Clarvazator
Aiden Grace,figurant,Flexitarian,Clarvazator
Abigail James,figurant,Vegetarian,Clarvazator
Alice Alexander,figurant,Apt pentru orice,Clarvazator
Aiden Mason,figurant,Apt pentru orice,Clarvazator
Scarlett Benjamin,figurant,Vegetarian,Varcolac
Sophia Oliver,figurant,Apt pentru orice,Clarvazator
Daniel Logan,figurant,Flexitarian,Vampir
Harper Elijah,figurant,Apt pentru orice,Sirena
Aiden ,figurant,Flexitarian,Om
Benjamin Elijah,figurant,Apt pentru orice,Vampir
Aiden Mason,figurant,Flexitarian,Clarvazator
Michael Michael,figurant,Flexitarian,Om
Olivia Benjamin,figurant,Flexitarian,Sirena
Charlie Mason,figurant,Apt pentru orice,Varcolac
Charlie Michael,figurant,Flexitarian,Sirena
Abigail Alexander,figurant,Flexitarian,Vampir
Madison Alexander,figurant,Apt pentru orice,Om
Frank Lucas,figurant,Vegetarian,Vampir
Sophia Logan,figurant,Apt pentru orice,Sirena
Avery James,figurant,Vegetarian,Om
Chloe Benjamin,figurant,Flexitarian,Om
Frank Elijah,figurant,Flexitarian,Sirena
Greta Mason,figurant,Flexitarian,Sirena
Abigail Elijah,figurant,Apt pentru orice,Varcolac
Madison Elijah,figurant,Vegetarian,Vampir
Sophia Logan,figurant,Flexitarian,Varcolac
Avery Lucas,figurant,Flexitarian,Clarvazator
Mia Cameron,figurant,Flexitarian,Clarvazator
Daisy Liam,figurant,Vegetarian,Sirena
William Benjamin,figurant,Apt pentru orice,Sirena
Bob Lucas,figurant,Apt pentru orice,Om
Harper Elijah,figurant,Apt pentru orice,Clarvazator
William Elijah,figurant,Flexitarian,Sirena
Victoria Ethan,figurant,Vegetarian,Clarvazator
Sophia Lucas,figurant,Apt pentru orice,Sirena
Mia William,figurant,Vegetarian,Om
Harper AnnBenjamin,figurant,Vegetarian,Clarvazator
Frank Oliver,figurant,Apt pentru orice,Clarvazator
Daniel James,figurant,Flexitarian,Sirena
Olivia Lucas,figurant,Vegetarian,Om
Charlie Noah,figurant,Vegetarian,Vampir
Harper Alexander,figurant,Flexitarian,Varcolac
Michael Oliver,figurant,Apt pentru orice,Clarvazator
Alexander Lucas,figurant,Flexitarian,Vampir
Isabella James,figurant,Flexitarian,Clarvazator
Mia Liam,figurant,Flexitarian,Clarvazator
Aiden Elijah,figurant,Flexitarian,Varcolac
Elizabeth Mason,figurant,Vegetarian,Vampir
Eve James,figurant,Vegetarian,Sirena
Isabella AnnBenjamin,figurant,Vegetarian,Sirena
Chloe Mason,figurant,Flexitarian,Sirena
Harper Mason,figurant,Flexitarian,Om
Alexander Alexander,figurant,Flexitarian,Clarvazator
Ethan Elijah,figurant,Apt pentru orice,Sirena
Harper Benjamin,figurant,Flexitarian,Vampir
Daniel Elijah,figurant,Flexitarian,Om
Charlie Liam,figurant,Flexitarian,Clarvazator
Frank William,figurant,Vegetarian,Vampir
Abigail Mason,figurant,Apt pentru orice,Om
Alice Ethan,figurant,Flexitarian,Sirena
Chloe Lucas,figurant,Apt pentru orice,Clarvazator
Greta Mason,figurant,Apt pentru orice,Om
Frank Ethan,figurant,Vegetarian,Varcolac
Madison Grace,figurant,Flexitarian,Om
Alexander Elijah,figurant,Apt pentru orice,Sirena
Daisy Ethan,figurant,Flexitarian,Vampir
Daniel AnnBenjamin,figurant,Apt pentru orice,Varcolac
Alice Mason,figurant,Apt pentru orice,Vampir
Greta William,figurant,Flexitarian,Om
Emily Michael,figurant,Vegetarian,Clarvazator
Eve Mason,figurant,Apt pentru orice,Sirena
Madison Oliver,figurant,Vegetarian,Sirena
Benjamin Benjamin,figurant,Apt pentru orice,Vampir
Eve AnnBenjamin,figurant,Apt pentru orice,Vampir
Benjamin Ethan,figurant,Apt pentru orice,Vampir
Charlie Oliver,figurant,Vegetarian,Vampir
Victoria Oliver,figurant,Vegetarian,Varcolac
Emily Liam,figurant,Apt pentru orice,Vampir
Daisy William,figurant,Vegetarian,Clarvazator
Scarlett William,figurant,Apt pentru orice,Varcolac
Aiden Mason,figurant,Vegetarian,Clarvazator
Abigail Cameron,figurant,Apt pentru orice,Vampir
Olivia Alexander,figurant,Flexitarian,Varcolac
Benjamin Liam,figurant,Vegetarian,Vampir
Aiden Grace,figurant,Apt pentru orice,Clarvazator
Charlie Logan,figurant,Flexitarian,Clarvazator
Frank Lucas,figurant,Flexitarian,Om
Scarlett Mason,figurant,Flexitarian,Om
Emily Benjamin,figurant,Apt pentru orice,Vampir
Daisy Logan,figurant,Flexitarian,Sirena
Mia Cameron,figurant,Flexitarian,Sirena
Isabella Chloe,figurant,Flexitarian,Vampir
Chloe Ethan,figurant,Apt pentru orice,Varcolac
Benjamin James,figurant,Flexitarian,Sirena
Mia James,figurant,Flexitarian,Om
Alexander James,figurant,Apt pentru orice,Varcolac
Eve Chloe,figurant,Flexitarian,Clarvazator
Avery Lucas,figurant,Apt pentru orice,Varcolac
Sophia James,figurant,Apt pentru orice,Sirena
Aiden Grace,figurant,Flexitarian,Om
Aiden Oliver,figurant,Apt pentru orice,Sirena
Emily Benjamin,figurant,Vegetarian,Vampir
Ethan James,figurant,Flexitarian,Om
Ethan Elijah,figurant,Vegetarian,Varcolac
Mia Grace,figurant,Apt pentru orice,Clarvazator
Emily Alexander,figurant,Flexitarian,Sirena
Eve ,figurant,Vegetarian,Vampir
Chloe William,figurant,Vegetarian,Varcolac
Mia Oliver,figurant,Apt pentru orice,Varcolac
Scarlett William,figurant,Apt pentru orice,Om
Chloe Michael,figurant,Vegetarian,Clarvazator
Daisy Ethan,figurant,Apt pentru orice,Varcolac
Harper Mason,figurant,Vegetarian,Varcolac
Scarlett William,figurant,Vegetarian,Clarvazator
Charlie Michael,figurant,Flexitarian,Om
Ella Liam,figurant,Flexitarian,Sirena
Daisy Alexander,figurant,Apt pentru orice,Sirena
Victoria Noah,figurant,Flexitarian,Varcolac
Elizabeth Benjamin,figurant,Vegetarian,Clarvazator
Alice James,figurant,Vegetarian,Clarvazator
Abigail Grace,figurant,Vegetarian,Om
Chloe Benjamin,figurant,Vegetarian,Clarvazator
Charlie ,figurant,Apt pentru orice,Sirena
Aiden William,figurant,Flexitarian,Om
Hannah Logan,figurant,Flexitarian,Clarvazator
Daniel Michael,figurant,Apt pentru orice,Varcolac
Madison Benjamin,figurant,Apt pentru orice,Sirena
Scarlett Lucas,figurant,Vegetarian,Varcolac
Emily Benjamin,figurant,Apt pentru orice,Om
Charlie Michael,figurant,Apt pentru orice,Sirena
Harper AnnBenjamin,figurant,Apt pentru orice,Om
Mia Cameron,figurant,Apt pentru orice,Om
Avery Cameron,figurant,Flexitarian,Om
Michael James,figurant,Vegetarian,Varcolac
Chloe Elijah,figurant,Apt pentru orice,Varcolac
Chloe William,figurant,Flexitarian,Om
Elizabeth William,figurant,Vegetarian,Vampir
Daniel Mason,figurant,Apt pentru orice,Varcolac
Greta Mason,figurant,Vegetarian,Sirena
Abigail Cameron,figurant,Flexitarian,Sirena
Mia Chloe,figurant,Flexitarian,Clarvazator
Scarlett Elijah,figurant,Apt pentru orice,Vampir
Greta Elijah,figurant,Flexitarian,Vampir
Scarlett William,figurant,Flexitarian,Clarvazator
Charlie Oliver,figurant,Apt pentru orice,Clarvazator
Isabella Liam,figurant,Apt pentru orice,Clarvazator
Sophia Mason,figurant,Vegetarian,Varcolac
Abigail Benjamin,figurant,Apt pentru orice,Vampir
Alexander Michael,figurant,Flexitarian,Vampir
Ethan Elijah,figurant,Vegetarian,Vampir
Ella Cameron,figurant,Flexitarian,Clarvazator
Ella Michael,figurant,Flexitarian,Om
